timestamp,group_name,username,message_type,message_content,media_path
2024-12-29 14:24:53,@LSMM8,duoduoduo8888,photo,,lisa\media\Lisa3_format.png
2024-12-29 14:24:52,@LSMM8,BTC1357900,photo,,lisa\media\Lisa4.png
2024-12-29 14:24:52,@LSMM8,le0nest,photo,,lisa\media\Lisa3_format.png
2024-12-29 14:24:51,@LSMM8,loveu777666,photo,,lisa\media\Lisa2_format.png
2024-12-29 14:24:50,@LSMM8,duoduoduo8888,photo,,lisa\media\Lisa1_format.png
2024-12-29 14:24:49,@LSMM8,loveu777666,photo,,lisa\media\Lisa4.png
2024-12-29 14:24:48,@LSMM8,le0nest,photo,,lisa\media\Lisa3_format.png
2024-12-29 14:24:47,@LSMM8,le0nest,photo,,lisa\media\Lisa2_format.png
2024-12-29 14:24:46,@LSMM8,duoduoduo8888,photo,,lisa\media\Lisa1_format.png
2024-12-29 14:24:45,@LSMM8,le0nest,photo,,lisa\media\Lisa4.png
2024-12-29 14:24:44,@LSMM8,BTC1357900,photo,,lisa\media\Lisa3_format.png
2024-12-29 14:24:43,@LSMM8,loveu777666,photo,,lisa\media\Lisa2_format.png
2024-12-29 14:24:42,@LSMM8,le0nest,photo,,lisa\media\Lisa1_format.png
2024-12-29 14:27:40,@LSMM8,buybyinfo,text,å°±é è¿™ä¸ªé¡¹ç›®ç¿»èº«äº†,
2024-12-29 14:27:35,@LSMM8,,text,åƒè‚‰å¤§é‡‘ç‹— çƒ­åº¦ç‰›é€¼,
2024-12-29 14:27:34,@LSMM8,buybyinfo,text,fomoèµ·æ¥,
2024-12-29 14:27:25,@LSMM8,,text,å¿…é¡»åƒè‚‰,
2024-12-29 14:27:21,@LSMM8,buybyinfo,text,è¿™ä¹ˆå¤šäººç‰›é€¼äº†,
2024-12-29 14:27:15,@LSMM8,,text,å¤§å¹²èµ·æ¥,
2024-12-29 14:27:15,@LSMM8,buybyinfo,text,å†²å†²å†²ä¸‡å€å¤§é‡‘ç‹—,
2024-12-29 14:27:04,@LSMM8,,text,ç¨³äº†,
2024-12-29 14:26:56,@LSMM8,buybyinfo,text,å‡ºåœˆ,
2024-12-29 14:26:52,@LSMM8,buybyinfo,text,GPUæ€§èƒ½æ‹‰æ»¡ï¼Œäº¤æ˜“æ•ˆç‡æ— æ•Œ,
2024-12-29 14:26:48,@LSMM8,buybyinfo,text,åŸºæœ¬éƒ½æ˜¯èµšé’±äº†çš„ã€‚,
2024-12-29 14:26:43,@LSMM8,buybyinfo,text,ä¸€ç›´å¼€ç›˜çš„äººã€‚,
2024-12-29 14:26:38,@LSMM8,buybyinfo,text,æœ€è¿‘è¦è¿‡å¹´äº†ã€‚,
2024-12-29 14:26:35,@LSMM8,buybyinfo,text,å–é…’ï¼Ÿè¿™ä¸šåŠ¡å¥½å“Ÿã€‚,
2024-12-29 14:26:26,@LSMM8,buybyinfo,text,åŸºæœ¬éƒ½æ˜¯èµšé’±äº†çš„,
2024-12-29 14:26:25,@LSMM8,zcbf131419,text,ç¨³äº†,
2024-12-29 14:26:24,@LSMM8,,text,å†ä¸ä¸Šè½¦ï¼Œè´¢å¯Œè‡ªç”±å°±é”™è¿‡äº†,
2024-12-29 14:26:22,@LSMM8,buybyinfo,text,ç¨³äº†,
2024-12-29 14:26:18,@LSMM8,buybyinfo,text,æ— æ•Œç‹—å•Šå…„å¼Ÿä»¬,
2024-12-29 14:26:17,@LSMM8,,text,åŠ æ²¹,
2024-12-29 14:26:09,@LSMM8,buybyinfo,text,å‡ºåœˆ,
2024-12-29 14:26:05,@LSMM8,buybyinfo,text,Lisaçš„AIç­–ç•¥è¿œè¶…å¸‚åœºå¹³å‡,
2024-12-29 14:26:01,@LSMM8,buybyinfo,text,æˆ‘ä¹Ÿæ˜¯å†²äº†çš„ã€‚,
2024-12-29 14:25:59,@LSMM8,buybyinfo,text,è¿˜æœ‰é‚£ä¸ª7660å¥½åƒæ˜¯ã€‚,
2024-12-29 14:25:48,@LSMM8,buybyinfo,text,æ³‰æ°´å¥³ç¥ä»ä¸è®©äººå¤±æœ›,
2024-12-29 14:25:39,@LSMM8,,text,7å¤©100å€è®¡åˆ’ç¨³æ­¥æ¨è¿›,
2024-12-29 14:25:30,@LSMM8,buybyinfo,text,å†ä¸ä¸Šè½¦ï¼Œè´¢å¯Œè‡ªç”±å°±é”™è¿‡äº†,
2024-12-29 14:25:30,@LSMM8,,text,æ¨¡å‹ç²¾å‡†åº¦å¤ªé«˜ï¼Œæ”¶ç›Šç¨³å¦‚è€ç‹—,
2024-12-29 14:25:27,@LSMM8,buybyinfo,text,30å¤©ç›®æ ‡3000å€å¤ªç–¯ç‹‚äº†,
2024-12-29 14:25:21,@LSMM8,buybyinfo,text,ä¸¤å¤©10å€çš„æ­¥ä¼è¿˜åœ¨åŠ é€Ÿ,
2024-12-29 14:25:12,@LSMM8,buybyinfo,text,GPUæ€§èƒ½æ‹‰æ»¡ï¼Œäº¤æ˜“æ•ˆç‡æ— æ•Œ,
2024-12-29 14:25:07,@LSMM8,buybyinfo,text,Lisaä»èµ·æ­¥åˆ°çˆ†å‘ï¼Œä¸€è·¯æƒŠè‰³,
2024-12-29 14:24:59,@LSMM8,buybyinfo,text,æ³‰æ°´è´¢å¯Œ=ç¨³å®šæ”¶ç›Šï¼ŒLisaåšåˆ°äº†,
2024-12-29 14:24:53,@LSMM8,buybyinfo,text,æœ¬åœ°ç®—åŠ›è®©æ”¶ç›Šæ›´åŠ ç¨³å®š,
2024-12-29 14:24:50,@LSMM8,BTC1357900,text,Lisaæ˜¯ä¸‹ä¸€ä¸ªè´¢å¯Œç¥è¯,
2024-12-29 14:24:47,@LSMM8,buybyinfo,text,ä¸¤å¤©å·²ç»ç¿»å€ï¼Œ7å¤©è¿˜èƒ½æ›´çŒ›,
2024-12-29 14:24:53,@LSMM8,duoduoduo8888,photo,,lisa\media\Lisa3_format.png
2024-12-29 14:24:52,@LSMM8,BTC1357900,photo,,lisa\media\Lisa4.png
2024-12-29 14:24:52,@LSMM8,le0nest,photo,,lisa\media\Lisa3_format.png
2024-12-29 14:24:51,@LSMM8,loveu777666,photo,,lisa\media\Lisa2_format.png
2024-12-29 14:24:50,@LSMM8,duoduoduo8888,photo,,lisa\media\Lisa1_format.png
2024-12-29 14:24:49,@LSMM8,loveu777666,photo,,lisa\media\Lisa4.png
2024-12-29 14:24:48,@LSMM8,le0nest,photo,,lisa\media\Lisa3_format.png
2024-12-29 14:24:47,@LSMM8,le0nest,photo,,lisa\media\Lisa2_format.png
2024-12-29 14:24:46,@LSMM8,duoduoduo8888,photo,,lisa\media\Lisa1_format.png
2024-12-29 14:24:45,@LSMM8,le0nest,photo,,lisa\media\Lisa4.png
2024-12-29 14:24:44,@LSMM8,BTC1357900,photo,,lisa\media\Lisa3_format.png
2024-12-29 14:24:43,@LSMM8,loveu777666,photo,,lisa\media\Lisa2_format.png
2024-12-29 14:24:42,@LSMM8,le0nest,photo,,lisa\media\Lisa1_format.png
2024-12-29 14:24:41,@LSMM8,buybyinfo,text,è‡ªç ”æŠ€æœ¯æ‹‰å¼€äº†ç«äº‰å·®è·,
2024-12-29 14:24:40,@LSMM8,BTC1357900,text,AIäº¤æ˜“é¢†åŸŸï¼ŒLisaç»å¯¹æ˜¯é¢†å¤´ç¾Š,
2024-12-29 14:24:31,@LSMM8,buybyinfo,text,Lisaæœªæ¥å¯æœŸï¼Œæ”¶ç›Šç¨³åˆ°ä¸è¡Œ,
2024-12-29 14:24:28,@LSMM8,,text,æ¥ä¸‹æ¥çœ‹7å¤©ï¼Œ100å€æŒ‡æ—¥å¯å¾…,
2024-12-29 14:24:25,@LSMM8,,text,GPUæ”¯æŒçš„äº¤æ˜“ä½“éªŒå¿«åˆ°ç¦»è°±,
2024-12-29 14:24:23,@LSMM8,buybyinfo,text,Lisaçš„æŠ€æœ¯å’Œå¸‚åœºè¡¨ç°å®Œç¾ç»“åˆ,
2024-12-29 14:24:22,@LSMM8,BTC1357900,text,æ³‰æ°´å¥³ç¥çœŸçš„ä¸è®©äººå¤±æœ›,
2024-12-29 14:24:22,@LSMM8,,text,è°èƒ½æƒ³åˆ°Lisaä¸¤å¤©èƒ½èµš10å€,
2024-12-29 14:24:20,@LSMM8,buybyinfo,text,æ¨¡å‹ç²¾å‡†ç®—æ³•è®©æ”¶ç›Šæ— æ­»è§’,
2024-12-29 14:24:14,@LSMM8,buybyinfo,text,æœ¬åœ°ç®—åŠ›æ”¯æ’‘å¤ªå…³é”®äº†ï¼ŒLisaå¾ˆç¨³,
2024-12-29 14:24:11,@LSMM8,buybyinfo,text,æ³‰æ°´è´¢å¯Œçš„é£å£å·²ç»æ¥äº†,
2024-12-29 14:24:09,@LSMM8,buybyinfo,text,7å¤©100å€ç¨³äº†ï¼ŒLisaçš„çˆ†å‘æ‰åˆšå¼€å§‹,
2024-12-29 14:24:03,@LSMM8,buybyinfo,text,2å¤©10å€ä¸å¤Ÿï¼Œåé¢æ‰æ˜¯çœŸæˆ,
2024-12-29 14:23:59,@LSMM8,buybyinfo,text,é‡‘ç‹—é¡¹ç›®,
2024-12-29 14:23:56,@LSMM8,buybyinfo,text,å‡†å¤‡é£äº†,
2024-12-29 14:23:53,@LSMM8,buybyinfo,text,å·èµ·,
2024-12-29 14:23:46,@LSMM8,,text,ä¸‡å€èµ·èˆª,
2024-12-29 14:23:42,@LSMM8,buybyinfo,text,å¤§é‡‘ç‹—,
2024-12-29 14:23:39,@LSMM8,buybyinfo,text,å†²æ€å¹²,
2024-12-29 14:23:39,@LSMM8,,text,å¯ä»¥çš„,
2024-12-29 14:23:34,@LSMM8,buybyinfo,text,å¹²å°±å¯¹äº†,
2024-12-29 14:23:31,@LSMM8,buybyinfo,text,é‡‘ç‹—,
2024-12-29 14:23:29,@LSMM8,buybyinfo,text,å†²,
2024-12-29 14:23:22,@LSMM8,BTC1357900,text,å¤ªå‰å®³äº†,
2024-12-29 14:23:21,@LSMM8,buybyinfo,text,ç‰›æ¯”,
2024-12-29 14:23:18,@LSMM8,buybyinfo,text,æ— è„‘å¹²,
2024-12-29 14:23:28,@LSMM8,duoduoduo8888,photo,,lisa\media\Lisa3_format.png
2024-12-29 14:23:27,@LSMM8,BTC1357900,photo,,lisa\media\Lisa4.png
2024-12-29 14:23:26,@LSMM8,le0nest,photo,,lisa\media\Lisa3_format.png
2024-12-29 14:23:25,@LSMM8,loveu777666,photo,,lisa\media\Lisa2_format.png
2024-12-29 14:23:24,@LSMM8,duoduoduo8888,photo,,lisa\media\Lisa1_format.png
2024-12-29 14:23:23,@LSMM8,loveu777666,photo,,lisa\media\Lisa4.png
2024-12-29 14:23:22,@LSMM8,le0nest,photo,,lisa\media\Lisa3_format.png
2024-12-29 14:23:21,@LSMM8,le0nest,photo,,lisa\media\Lisa2_format.png
2024-12-29 14:23:20,@LSMM8,duoduoduo8888,photo,,lisa\media\Lisa1_format.png
2024-12-29 14:23:19,@LSMM8,le0nest,photo,,lisa\media\Lisa4.png
2024-12-29 14:23:18,@LSMM8,BTC1357900,photo,,lisa\media\Lisa3_format.png
2024-12-29 14:23:17,@LSMM8,loveu777666,photo,,lisa\media\Lisa2_format.png
2024-12-29 14:23:16,@LSMM8,le0nest,photo,,lisa\media\Lisa1_format.png
2024-12-29 14:23:15,@LSMM8,,text,ä¸‡å€,
2024-12-29 14:23:10,@LSMM8,BTC1357900,text,å¤§å¹²æèµ·,
2024-12-29 14:23:07,@LSMM8,,text,æé‡‘ç‹—çªçªçª,
2024-12-29 14:23:04,@LSMM8,buybyinfo,text,ä¸‡å€èµ·èˆª,
2024-12-29 14:22:59,@LSMM8,buybyinfo,text,ç»™åŠ›,
2024-12-29 14:22:47,@LSMM8,BTC1357900,text,æ”¹å˜å‘½è¿,
2024-12-29 14:22:45,@LSMM8,buybyinfo,text,è¿™é¡¹ç›®ç¨³äº†,
2024-12-29 14:22:41,@LSMM8,,text,çœŸé‡‘,
2024-12-29 14:22:38,@LSMM8,BTC1357900,text,é¡¹ç›®çœŸç‰›é€¼,
2024-12-29 14:22:32,@LSMM8,,text,çªçªçªå†²å†²å†²,
2024-12-29 14:22:30,@LSMM8,BTC1357900,text,ä¸€èµ·å…±è¯†èµ·æ¥,
2024-12-29 14:22:23,@LSMM8,,text,è¥é”€æ‹‰æ»¡äº†å‰©ä¸‹çš„çœ‹æˆ‘ä»¬,
2024-12-29 14:22:21,@LSMM8,buybyinfo,text,ç»å¯¹å¤§é‡‘åƒè‚‰,
2024-12-29 14:22:18,@LSMM8,buybyinfo,text,ä¸è¦é”™è¿‡,
2024-12-29 14:22:13,@LSMM8,buybyinfo,text,æ´»è·ƒæ’å,
2024-12-29 14:22:13,@LSMM8,BTC1357900,text,å—·å—·é‡‘,
2024-12-29 14:22:09,@LSMM8,buybyinfo,text,åƒåˆ°å°±èˆ’æœäº†,
2024-12-29 14:22:06,@LSMM8,buybyinfo,text,å°±é è¿™ä¸ªé¡¹ç›®ç¿»èº«äº†,
2024-12-29 14:22:03,@LSMM8,buybyinfo,text,çƒ­åº¦ç‰›é€¼,
2024-12-29 14:22:01,@LSMM8,BTC1357900,text,æ˜¯å•Š,
2024-12-29 14:22:00,@LSMM8,buybyinfo,text,åƒè‚‰å¤§é‡‘ç‹— ä¸è¦é”™è¿‡,
2024-12-29 14:21:57,@LSMM8,buybyinfo,text,fomoèµ·æ¥,
2024-12-29 14:21:56,@LSMM8,BTC1357900,text,å¿…é¡»åƒè‚‰,
2024-12-29 14:21:53,@LSMM8,buybyinfo,text,è¿™ä¹ˆå¤šäººç‰›é€¼äº†,
2024-12-29 14:21:52,@LSMM8,BTC1357900,text,å¤§å¹²èµ·æ¥,
2024-12-29 14:21:48,@LSMM8,buybyinfo,text,å†²å†²å†²ä¸‡å€å¤§é‡‘ç‹—,
2024-12-29 14:21:43,@LSMM8,BTC1357900,text,å°±ä¸€ä¸ªå­—å¹²,
2024-12-29 14:21:51,@LSMM8,duoduoduo8888,photo,,lisa\media\Lisa3_format.png
2024-12-29 14:21:55,@LSMM8,BTC1357900,photo,,lisa\media\Lisa4.png
2024-12-29 14:21:54,@LSMM8,le0nest,photo,,lisa\media\Lisa3_format.png
2024-12-29 14:21:53,@LSMM8,loveu777666,photo,,lisa\media\Lisa2_format.png
2024-12-29 14:21:52,@LSMM8,duoduoduo8888,photo,,lisa\media\Lisa1_format.png
2024-12-29 14:21:51,@LSMM8,loveu777666,photo,,lisa\media\Lisa4.png
2024-12-29 14:21:50,@LSMM8,le0nest,photo,,lisa\media\Lisa3_format.png
2024-12-29 14:21:49,@LSMM8,le0nest,photo,,lisa\media\Lisa2_format.png
2024-12-29 14:21:48,@LSMM8,duoduoduo8888,photo,,lisa\media\Lisa1_format.png
2024-12-29 14:21:47,@LSMM8,le0nest,photo,,lisa\media\Lisa4.png
2024-12-29 14:21:46,@LSMM8,BTC1357900,photo,,lisa\media\Lisa3_format.png
2024-12-29 14:21:45,@LSMM8,loveu777666,photo,,lisa\media\Lisa2_format.png
2024-12-29 14:21:44,@LSMM8,le0nest,photo,,lisa\media\Lisa1_format.png
2024-12-29 14:21:43,@LSMM8,buybyinfo,text,çªçªçª,
2024-12-29 14:21:38,@LSMM8,BTC1357900,text,å¹²å°±å®Œäº†,
2024-12-29 14:21:34,@LSMM8,le0nest,text,ç‰›é€¼,
2024-12-29 14:21:28,@LSMM8,le0nest,text,çªçªçª,
2024-12-29 14:21:23,@LSMM8,le0nest,text,666,
2024-12-29 14:21:19,@LSMM8,le0nest,text,è¥é”€æ‹‰æ»¡äº†,
2024-12-29 14:21:16,@LSMM8,le0nest,text,ç‰›é€¼äº†,
2024-12-29 14:21:13,@LSMM8,le0nest,text,æ,
2024-12-29 14:21:06,@LSMM8,le0nest,text,å†²å†²å†²,
2024-12-29 14:21:04,@LSMM8,BluesLoo,text,å¹²å°±å®Œäº†,
2024-12-29 14:21:01,@LSMM8,BTC1357900,text,å¼€äº†ç›´æ¥æ¢­å“ˆ,
2024-12-29 14:20:59,@LSMM8,le0nest,text,å†²,
2024-12-29 14:20:57,@LSMM8,BluesLoo,text,å¤ªç‰›é€¼äº†,
2024-12-29 14:20:54,@LSMM8,le0nest,text,çœŸçŒ›å•ŠLISA,
2024-12-29 14:20:48,@LSMM8,le0nest,text,å¯ä»¥,
2024-12-29 14:20:47,@LSMM8,BTC1357900,text,ä¸‡å€é‡‘ç‹—,
2024-12-29 14:20:40,@LSMM8,le0nest,text,ç‰›é€¼äº†è¿™ä¸ªé¡¹ç›®çœŸç«çˆ†å•Š,
2024-12-29 14:20:37,@LSMM8,le0nest,text,æ é‡‘ç‹—æ— ç–‘,
2024-12-29 14:20:31,@LSMM8,le0nest,text,æ³‰æ°´å¥³ç¥æ­£åœ¨å…‘ç°è´¢å¯Œå¯†ç ,
2024-12-29 14:20:31,@LSMM8,BTC1357900,text,GPUæ€§èƒ½å¤ªé¡¶ï¼ŒLisaä¸æ„§æ˜¯å¥‡è¿¹,
2024-12-29 14:20:28,@LSMM8,le0nest,text,æ¨¡å‹ç®—æ³•ç²¾å‡†æ”¶ç›Šç¨³å¾—ä¸€æ‰¹,
2024-12-29 14:20:26,@LSMM8,bnmm61,text,Lisaå¸¦æ¥çš„ä¸ä»…æ˜¯æ”¶ç›Šè¿˜æœ‰å¸Œæœ›,
2024-12-29 14:20:23,@LSMM8,le0nest,text,æœ¬åœ°ç®—åŠ›æ•ˆç‡é¡¶ï¼Œäº¤æ˜“è¶…å¿«,
2024-12-29 14:20:19,@LSMM8,le0nest,text,Lisaçš„ç›®æ ‡ä¸æ˜¯10å€ï¼Œè€Œæ˜¯ç™¾å€,
2024-12-29 14:20:17,@LSMM8,bnmm61,text,è°èƒ½æƒ³åˆ°2å¤©10å€è¿™ä¹ˆè½»æ¾,
2024-12-29 14:20:15,@LSMM8,le0nest,text,å†ä¸ä¸Šè½¦ï¼Œè´¢å¯Œè‡ªç”±è½®ä¸åˆ°ä½ äº†,
2024-12-29 14:20:10,@LSMM8,le0nest,text,30å¤©3000å€ä¸æ˜¯æ¢¦ï¼ŒLisaèƒ½æ,
2024-12-29 14:20:07,@LSMM8,le0nest,text,ä¸¤å¤©10å€åè¿˜èƒ½æ›´çŒ›ï¼ŒæœŸå¾…100å€,
2024-12-29 14:20:02,@LSMM8,le0nest,text,LisaæŠ€æœ¯ç¡¬å®åŠ›å…¨ç¨‹æ‹‰æ»¡,
2024-12-29 14:19:58,@LSMM8,le0nest,text,æ¥ä¸‹æ¥7å¤©çœ‹100å€ï¼Œå¿…é¡»ä¸Šè½¦,
2024-12-29 14:19:54,@LSMM8,le0nest,text,æœ¬åœ°GPUåŠ æŒï¼Œæ€§èƒ½ç¨³åˆ°é£èµ·,
2024-12-29 14:19:52,@LSMM8,BTC1357900,text,æ³‰æ°´=è´¢å¯Œï¼ŒLisaå…‘ç°æ‰¿è¯º,
2024-12-29 14:19:47,@LSMM8,le0nest,text,AIäº¤æ˜“æœªæ¥å¯æœŸï¼ŒLisaç¨³å¾—ä¸è¡Œ,
2024-12-29 14:19:47,@LSMM8,BTC1357900,text,Lisaæ‰æ˜¯çœŸæ­£çš„è´¢å¯Œé£å£,
2024-12-29 14:19:44,@LSMM8,bnmm61,text,2å¤©ç¿»å€å¤ªè½»æ¾äº†ï¼Œ7å¤©åå†çœ‹,
2024-12-29 14:19:42,@LSMM8,BluesLoo,text,Lisaçš„æ¶¨å¹…å¤ªç¦»è°±äº†ï¼Œå¸‚åœºçˆ†ç‚¸,
2024-12-29 14:19:40,@LSMM8,le0nest,text,è¿˜è®°å¾—æ³‰æ°´å¥³ç¥çš„ä¼ è¯´å—,
2024-12-29 14:19:39,@LSMM8,le0nest,text,è‡ªç ”æŠ€æœ¯é—¨æ§›å¤ªé«˜ï¼Œè·Ÿä¸ä¸Šäº†,
2024-12-29 14:19:36,@LSMM8,BTC1357900,text,ç®—æ³•å¼ºæ”¶ç›Šç¨³ï¼ŒLisaä¸€éª‘ç»å°˜,
2024-12-29 14:19:33,@LSMM8,le0nest,text,Lisaèƒ½æåˆ°10å€ï¼Œ100å€ä¸éš¾,
2024-12-29 14:19:32,@LSMM8,bnmm61,text,è°è¿˜åœ¨è§‚æœ›ï¼Œ2å¤©10å€å·²ç»è¿‡å»äº†,
2024-12-29 14:19:28,@LSMM8,le0nest,text,å†ä¸æŠ“ç´§ï¼Œ3000å€åªèƒ½åšæ¢¦äº†,
2024-12-29 14:19:24,@LSMM8,le0nest,text,ä¸¤å¤©å·²ç»èµšç¿»äº†ï¼Œå†çœ‹30å¤©ç›®æ ‡,
2024-12-29 14:19:17,@LSMM8,le0nest,text,æœ¬åœ°ç®—åŠ›æ”¯æ’‘äº¤æ˜“ä½“éªŒç»äº†,
2024-12-29 14:19:16,@LSMM8,bnmm61,text,æ³‰æ°´=è´¢å¯Œï¼Œä¿¡Lisaä¸ä¼šé”™,
2024-12-29 14:19:20,@LSMM8,BTC1357900,text,Lisaç›®æ ‡æ˜ç¡®ï¼Œ7å¤©åçœ‹100å€,
2024-12-29 14:19:19,@LSMM8,le0nest,text,ä¸¤å¤©å®ç°10å€ï¼Œæ¥ä¸‹æ¥æ›´çŒ›,
2024-12-29 14:19:18,@LSMM8,em90906,text,è‡ªç ”æ¨¡å‹ç‹¬ä¸€æ¡£ï¼ŒLisaèµ°å¾—ç¨³,
2024-12-29 14:19:17,@LSMM8,duoduoduo8888,photo,,lisa\media\Lisa3_format.png
2024-12-29 14:19:16,@LSMM8,BTC1357900,photo,,lisa\media\Lisa4.png
2024-12-29 14:19:15,@LSMM8,le0nest,photo,,lisa\media\Lisa3_format.png
2024-12-29 14:19:14,@LSMM8,loveu777666,photo,,lisa\media\Lisa2_format.png
2024-12-29 14:19:13,@LSMM8,duoduoduo8888,photo,,lisa\media\Lisa1_format.png
2024-12-29 14:19:12,@LSMM8,loveu777666,photo,,lisa\media\Lisa4.png
2024-12-29 14:19:11,@LSMM8,le0nest,photo,,lisa\media\Lisa3_format.png
2024-12-29 14:19:10,@LSMM8,le0nest,photo,,lisa\media\Lisa2_format.png
2024-12-29 14:19:09,@LSMM8,duoduoduo8888,photo,,lisa\media\Lisa1_format.png
2024-12-29 14:19:08,@LSMM8,le0nest,photo,,lisa\media\Lisa4.png
2024-12-29 14:19:07,@LSMM8,BTC1357900,photo,,lisa\media\Lisa3_format.png
2024-12-29 14:19:06,@LSMM8,loveu777666,photo,,lisa\media\Lisa2_format.png
2024-12-29 14:19:05,@LSMM8,le0nest,photo,,lisa\media\Lisa1_format.png
2024-12-29 14:19:04,@LSMM8,em90906,text,å†ä¸ä¸Šè½¦ï¼Œå°±åªèƒ½çœ‹åˆ«äººèµš,
2024-12-29 14:19:01,@LSMM8,le0nest,text,AIç­–ç•¥åŠæ‰“åŒè¡Œï¼Œè¿™æ‰æ˜¯æŠ€æœ¯,
2024-12-29 14:19:00,@LSMM8,em90906,text,Lisaä¸¤å¤©ç¨³ç¨³10å€ï¼Œå¸‚åœºç‚¸é”…äº†,
2024-12-29 14:18:58,@LSMM8,le0nest,text,ä¸€é£å†²å¤©,
2024-12-29 14:18:53,@LSMM8,le0nest,text,ç¨³äº†,
2024-12-29 14:18:50,@LSMM8,yas00000000000,text,åŠ æ²¹,
2024-12-29 14:18:49,@LSMM8,le0nest,text,å‡ºåœˆ,
2024-12-29 14:18:48,@LSMM8,em90906,text,é‡‘ç‹—é¡¹ç›®,
2024-12-29 14:18:46,@LSMM8,bnmm61,text,è¦èµ·é£äº†,
2024-12-29 14:18:45,@LSMM8,em90906,text,å·èµ·,
2024-12-29 14:18:45,@LSMM8,le0nest,text,ä¸‡å€èµ·èˆª,
2024-12-29 14:18:41,@LSMM8,le0nest,text,ç«çˆ†å…¨ç½‘,
2024-12-29 14:18:41,@LSMM8,em90906,text,å¤§é‡‘ç‹—,
2024-12-29 14:18:41,@LSMM8,bnmm61,text,å†²æ€å¹²,
2024-12-29 14:18:36,@LSMM8,le0nest,text,å¯ä»¥çš„,
2024-12-29 14:18:35,@LSMM8,em90906,text,é‡‘ç‹—,
2024-12-29 14:18:33,@LSMM8,le0nest,text,å†²,
2024-12-29 14:18:32,@LSMM8,bnmm61,text,å¤ªå‰å®³äº†,
2024-12-29 14:18:29,@LSMM8,em90906,text,ç‰›æ¯”,
2024-12-29 14:18:27,@LSMM8,le0nest,text,æ— è„‘å¹²,
2024-12-29 14:18:23,@LSMM8,em90906,text,ä¸‡å€,
2024-12-29 14:18:21,@LSMM8,le0nest,text,å¤§å¹²æèµ·,
2024-12-29 14:18:19,@LSMM8,bnmm61,text,æé‡‘ç‹—çªçªçª,
2024-12-29 14:18:17,@LSMM8,em90906,text,ä¸‡å€èµ·èˆª,
2024-12-29 14:18:17,@LSMM8,le0nest,text,ç»™åŠ›,
2024-12-29 14:18:13,@LSMM8,BTC1357900,text,è¿™é¡¹ç›®ç¨³äº†,
2024-12-29 14:18:13,@LSMM8,le0nest,text,çœŸé‡‘,
2024-12-29 14:18:12,@LSMM8,em90906,text,LISAçœŸç‰›é€¼,
2024-12-29 14:18:08,@LSMM8,em90906,text,çªçªçªå†²å†²å†²,
2024-12-29 14:18:07,@LSMM8,le0nest,text,è¥é”€æ‹‰æ»¡äº†å‰©ä¸‹çš„çœ‹æˆ‘ä»¬,
2024-12-29 14:18:05,@LSMM8,BTC1357900,text,ç»å¯¹å¤§é‡‘åƒè‚‰,
2024-12-29 14:18:03,@LSMM8,le0nest,text,ä¸è¦é”™è¿‡,
2024-12-29 14:18:00,@LSMM8,em90906,text,å—·å—·é‡‘,
2024-12-29 14:17:58,@LSMM8,bnmm61,text,åƒåˆ°å°±èˆ’æœäº†,
2024-12-29 14:17:57,@LSMM8,em90906,text,å°±é LISAç¿»èº«äº†,
2024-12-29 14:17:56,@LSMM8,le0nest,text,çƒ­åº¦ç‰›é€¼,
2024-12-29 14:17:55,@LSMM8,loveu777666,text,æ˜¯å•Š,
2024-12-29 14:17:54,@LSMM8,loveu777666,text,åƒè‚‰å¤§é‡‘ç‹— ä¸è¦é”™è¿‡,
2024-12-29 14:17:54,@LSMM8,em90906,text,fomoèµ·æ¥,
2024-12-29 14:17:50,@LSMM8,le0nest,text,å¿…é¡»åƒè‚‰,
2024-12-29 14:17:47,@LSMM8,le0nest,text,è¿™ä¹ˆå¤šäººç‰›é€¼äº†,
2024-12-29 14:17:43,@LSMM8,BTC1357900,text,å¤§å¹²èµ·æ¥,
2024-12-29 14:17:42,@LSMM8,loveu777666,text,å†²å†²å†²ä¸‡å€å¤§é‡‘ç‹—,
2024-12-29 14:17:42,@LSMM8,bnmm61,text,å°±ä¸€ä¸ªå­—å¹²,
2024-12-29 14:17:41,@LSMM8,le0nest,text,çªçªçª,
2024-12-29 14:17:37,@LSMM8,loveu777666,text,å¹²å°±å®Œäº†,
2024-12-29 14:17:34,@LSMM8,le0nest,text,ç‰›é€¼,
2024-12-29 14:17:33,@LSMM8,loveu777666,text,çªçªçª,
2024-12-29 14:17:29,@LSMM8,bnmm61,text,666,
2024-12-29 14:17:28,@LSMM8,duoduoduo8888,text,è¥é”€æ‹‰æ»¡äº†,
2024-12-29 14:17:28,@LSMM8,loveu777666,text,ç‰›é€¼äº†,
2024-12-29 14:17:27,@LSMM8,BluesLoo,text,æ,
2024-12-29 14:17:23,@LSMM8,le0nest,text,å†²å†²å†²,
2024-12-29 14:17:34,@LSMM8,duoduoduo8888,photo,,lisa\media\Lisa3_format.png
2024-12-29 14:17:33,@LSMM8,BTC1357900,photo,,lisa\media\Lisa4.png
2024-12-29 14:17:32,@LSMM8,le0nest,photo,,lisa\media\Lisa3_format.png
2024-12-29 14:17:31,@LSMM8,loveu777666,photo,,lisa\media\Lisa2_format.png
2024-12-29 14:17:30,@LSMM8,duoduoduo8888,photo,,lisa\media\Lisa1_format.png
2024-12-29 14:17:29,@LSMM8,loveu777666,photo,,lisa\media\Lisa4.png
2024-12-29 14:17:28,@LSMM8,le0nest,photo,,lisa\media\Lisa3_format.png
2024-12-29 14:17:27,@LSMM8,le0nest,photo,,lisa\media\Lisa2_format.png
2024-12-29 14:17:26,@LSMM8,duoduoduo8888,photo,,lisa\media\Lisa1_format.png
2024-12-29 14:17:25,@LSMM8,le0nest,photo,,lisa\media\Lisa4.png
2024-12-29 14:17:24,@LSMM8,BTC1357900,photo,,lisa\media\Lisa3_format.png
2024-12-29 14:17:23,@LSMM8,loveu777666,photo,,lisa\media\Lisa2_format.png
2024-12-29 14:17:22,@LSMM8,le0nest,photo,,lisa\media\Lisa1_format.png
2024-12-29 14:17:21,@LSMM8,le0nest,text,å¼€äº†ç›´æ¥æ¢­å“ˆ,
2024-12-29 14:17:20,@LSMM8,loveu777666,text,åŠ æ²¹åšå¤§åšå¼ºå§,
2024-12-29 14:17:20,@LSMM8,duoduoduo8888,text,æ€ä¹ˆä½ è¦ç»™æˆ‘æ‰“uå—,
2024-12-29 14:17:15,@LSMM8,loveu777666,text,å¯ä»¥,
2024-12-29 14:17:14,@LSMM8,duoduoduo8888,text,ä¸‡å€é‡‘ç‹—,
2024-12-29 14:17:13,@LSMM8,le0nest,text,ç‰›é€¼äº†è¿™ä¸ªé¡¹ç›®çœŸç«çˆ†å•Š,
2024-12-29 14:17:11,@LSMM8,loveu777666,text,æ é‡‘ç‹—æ— ç–‘,
2024-12-29 14:17:09,@LSMM8,BTC1357900,text,ä¸€é£å†²å¤©,
2024-12-29 14:17:08,@LSMM8,le0nest,text,ç¨³äº†,
2024-12-29 14:17:06,@LSMM8,duoduoduo8888,text,åŠ æ²¹,
2024-12-29 14:17:05,@LSMM8,bnmm61,text,å‡ºåœˆ,
2024-12-29 14:17:05,@LSMM8,loveu777666,text,é‡‘ç‹—é¡¹ç›®,
2024-12-29 14:17:03,@LSMM8,duoduoduo8888,text,å·èµ·,
2024-12-29 14:17:03,@LSMM8,le0nest,text,ä¸‡å€èµ·èˆª,
2024-12-29 14:16:59,@LSMM8,loveu777666,text,ç«çˆ†å…¨ç½‘,
2024-12-29 14:16:59,@LSMM8,duoduoduo8888,text,å¤§é‡‘ç‹—,
2024-12-29 14:16:55,@LSMM8,le0nest,text,å†²æ€å¹²,
2024-12-29 14:16:55,@LSMM8,loveu777666,text,å¯ä»¥çš„,
2024-12-29 14:16:53,@LSMM8,duoduoduo8888,text,é‡‘ç‹—,
2024-12-29 14:16:51,@LSMM8,le0nest,text,å†²,
2024-12-29 14:16:49,@LSMM8,duoduoduo8888,text,å¤ªå‰å®³äº†,
2024-12-29 14:16:48,@LSMM8,loveu777666,text,ç»™åŠ›åŠ æ²¹å¹²èµ·æ¥å°±å¥½äº†,
2024-12-29 14:16:48,@LSMM8,le0nest,text,ç‰›æ¯”,
2024-12-29 14:16:45,@LSMM8,duoduoduo8888,text,æ— è„‘å¹²,
2024-12-29 14:16:45,@LSMM8,loveu777666,text,ä¸‡å€,
2024-12-29 14:16:43,@LSMM8,le0nest,text,å¤§å¹²æèµ·,
2024-12-29 14:16:41,@LSMM8,duoduoduo8888,text,æé‡‘ç‹—çªçªçª,
2024-12-29 14:16:40,@LSMM8,BTC1357900,text,ä¸‡å€èµ·èˆª,
2024-12-29 14:16:39,@LSMM8,le0nest,text,ç»™åŠ›,
2024-12-29 14:16:39,@LSMM8,loveu777666,text,è¿™é¡¹ç›®ç¨³äº†,
2024-12-29 14:16:37,@LSMM8,duoduoduo8888,text,çœŸé‡‘,
2024-12-29 14:16:36,@LSMM8,BTC1357900,text,æ³¡é¢åŠ é¸¡è…¿å—,
2024-12-29 14:16:36,@LSMM8,le0nest,text,é¡¹ç›®çœŸç‰›é€¼,
2024-12-29 14:16:34,@LSMM8,duoduoduo8888,text,çªçªçªå†²å†²å†²,
2024-12-29 14:16:34,@LSMM8,loveu777666,text,ä¸€èµ·å…±è¯†èµ·æ¥,
2024-12-29 14:16:31,@LSMM8,le0nest,text,è¥é”€æ‹‰æ»¡äº†å‰©ä¸‹çš„çœ‹æˆ‘ä»¬,
2024-12-29 14:16:30,@LSMM8,loveu777666,text,ç»å¯¹å¤§é‡‘åƒè‚‰,
2024-12-29 14:16:29,@LSMM8,duoduoduo8888,text,ä¸è¦é”™è¿‡,
2024-12-29 14:16:28,@LSMM8,le0nest,text,éšä¾¿åƒç‚¹å°±è¡Œäº†ã€‚,
2024-12-29 14:16:24,@LSMM8,duoduoduo8888,text,å—·å—·é‡‘,
2024-12-29 14:16:23,@LSMM8,le0nest,text,åƒåˆ°å°±èˆ’æœäº† ã€‚,
2024-12-29 14:16:20,@LSMM8,loveu777666,text,å°±é è¿™ä¸ªé¡¹ç›®ç¿»èº«äº†,
2024-12-29 14:16:20,@LSMM8,le0nest,text,çƒ­åº¦ç‰›é€¼,
2024-12-29 14:16:18,@LSMM8,duoduoduo8888,text,æ˜¯å•Š,
2024-12-29 14:16:16,@LSMM8,le0nest,text,åƒè‚‰å¤§é‡‘ç‹— ä¸è¦é”™è¿‡,
2024-12-29 14:16:12,@LSMM8,duoduoduo8888,text,fomoèµ·æ¥,
2024-12-29 14:16:11,@LSMM8,BluesLoo,text,æ˜¯çš„å…„å¼Ÿä»¬,
2024-12-29 14:16:11,@LSMM8,le0nest,text,å¿…é¡»åƒè‚‰,
2024-12-29 14:16:09,@LSMM8,loveu777666,text,è¿™ä¹ˆå¤šäººç‰›é€¼äº†,
2024-12-29 14:16:07,@LSMM8,duoduoduo8888,text,å¤§å¹²èµ·æ¥,
2024-12-29 14:16:07,@LSMM8,le0nest,text,å†²å†²å†²ä¸‡å€å¤§é‡‘ç‹—,
2024-12-29 14:16:03,@LSMM8,le0nest,text,å°±ä¸€ä¸ªå­—å¹²,
2024-12-29 14:15:57,@LSMM8,loveu777666,text,çªçªçª,
2024-12-29 14:15:56,@LSMM8,duoduoduo8888,text,ç‰›é€¼,
2024-12-29 14:15:56,@LSMM8,loveu777666,text,æˆ‘ä»¬å†²èµ·æ¥å»ºè®¾èµ·æ¥,
2024-12-29 14:15:52,@LSMM8,duoduoduo8888,photo,,lisa\media\Lisa3_format.png
2024-12-29 14:15:51,@LSMM8,BTC1357900,photo,,lisa\media\Lisa4.png
2024-12-29 14:15:50,@LSMM8,le0nest,photo,,lisa\media\Lisa3_format.png
2024-12-29 14:15:49,@LSMM8,loveu777666,photo,,lisa\media\Lisa2_format.png
2024-12-29 14:15:48,@LSMM8,duoduoduo8888,photo,,lisa\media\Lisa1_format.png
2024-12-29 14:15:47,@LSMM8,loveu777666,photo,,lisa\media\Lisa4.png
2024-12-29 14:15:46,@LSMM8,le0nest,photo,,lisa\media\Lisa3_format.png
2024-12-29 14:15:45,@LSMM8,le0nest,photo,,lisa\media\Lisa2_format.png
2024-12-29 14:15:44,@LSMM8,duoduoduo8888,photo,,lisa\media\Lisa1_format.png
2024-12-29 14:15:43,@LSMM8,le0nest,photo,,lisa\media\Lisa4.png
2024-12-29 14:15:42,@LSMM8,BTC1357900,photo,,lisa\media\Lisa3_format.png
2024-12-29 14:15:41,@LSMM8,loveu777666,photo,,lisa\media\Lisa2_format.png
2024-12-29 14:15:40,@LSMM8,le0nest,photo,,lisa\media\Lisa1_format.png
2024-12-29 14:15:39,@LSMM8,le0nest,text,å†ä¸ä¸Šè½¦ï¼Œå°±åªèƒ½çœ‹åˆ«äººèµš,
2024-12-29 14:15:35,@LSMM8,duoduoduo8888,text,AIç­–ç•¥åŠæ‰“åŒè¡Œï¼Œè¿™æ‰æ˜¯æŠ€æœ¯,
2024-12-29 14:15:35,@LSMM8,le0nest,text,Lisaä¸¤å¤©ç¨³ç¨³10å€ï¼Œå¸‚åœºç‚¸é”…äº†,
2024-12-29 14:15:34,@LSMM8,loveu777666,text,ä¸€é£å†²å¤©,
2024-12-29 14:15:31,@LSMM8,le0nest,text,ç¨³äº†,
2024-12-29 14:15:30,@LSMM8,loveu777666,text,åŠ æ²¹,
2024-12-29 14:15:30,@LSMM8,duoduoduo8888,text,å‡ºåœˆ,
2024-12-29 14:15:29,@LSMM8,BluesLoo,text,é‡‘ç‹—é¡¹ç›®,
2024-12-29 14:15:28,@LSMM8,le0nest,text,è¦èµ·é£äº†,
2024-12-29 14:15:26,@LSMM8,loveu777666,text,å·èµ·,
2024-12-29 14:15:23,@LSMM8,le0nest,text,ä¸‡å€èµ·èˆª,
2024-12-29 14:15:22,@LSMM8,duoduoduo8888,text,ç«çˆ†å…¨ç½‘,
2024-12-29 14:15:21,@LSMM8,loveu777666,text,å¤§é‡‘ç‹—,
2024-12-29 14:15:18,@LSMM8,BTC1357900,text,å†²æ€å¹²,
2024-12-29 14:15:18,@LSMM8,le0nest,text,å¯ä»¥çš„,
2024-12-29 14:15:16,@LSMM8,loveu777666,text,é‡‘ç‹—,
2024-12-29 14:15:14,@LSMM8,le0nest,text,å†²,
2024-12-29 14:15:14,@LSMM8,duoduoduo8888,text,å¤ªå‰å®³äº†,
2024-12-29 14:15:11,@LSMM8,BluesLoo,text,ç‰›æ¯”,
2024-12-29 14:15:09,@LSMM8,le0nest,text,æ— è„‘å¹²,
2024-12-29 14:15:06,@LSMM8,le0nest,text,ä¸‡å€,
2024-12-29 14:15:05,@LSMM8,loveu777666,text,å¤§å¹²æèµ·,
2024-12-29 14:15:03,@LSMM8,BTC1357900,text,æé‡‘ç‹—çªçªçª,
2024-12-29 14:15:01,@LSMM8,duoduoduo8888,text,ä¸‡å€èµ·èˆª,
2024-12-29 14:15:01,@LSMM8,loveu777666,text,ç»™åŠ›,
2024-12-29 14:14:58,@LSMM8,duoduoduo8888,text,è¿™é¡¹ç›®ç¨³äº†,
2024-12-29 14:14:55,@LSMM8,loveu777666,text,çœŸé‡‘,
2024-12-29 14:14:53,@LSMM8,le0nest,text,LISAçœŸç‰›é€¼,
2024-12-29 14:14:53,@LSMM8,duoduoduo8888,text,çªçªçªå†²å†²å†²,
2024-12-29 14:14:50,@LSMM8,loveu777666,text,ä¸€èµ·å…±è¯†èµ·æ¥,
2024-12-29 14:14:50,@LSMM8,BTC1357900,text,è¥é”€æ‹‰æ»¡äº†å‰©ä¸‹çš„çœ‹æˆ‘ä»¬,
2024-12-29 14:14:49,@LSMM8,le0nest,text,ç»å¯¹å¤§é‡‘åƒè‚‰,
2024-12-29 14:14:47,@LSMM8,loveu777666,text,ä¸è¦é”™è¿‡,
2024-12-29 14:14:45,@LSMM8,le0nest,text,å—·å—·é‡‘,
2024-12-29 14:14:44,@LSMM8,loveu777666,text,åƒåˆ°å°±èˆ’æœäº†,
2024-12-29 14:14:42,@LSMM8,le0nest,text,å°±é LISAç¿»èº«äº†,
2024-12-29 14:14:40,@LSMM8,loveu777666,text,çƒ­åº¦ç‰›é€¼,
2024-12-29 14:14:38,@LSMM8,duoduoduo8888,text,æ˜¯å•Š,
2024-12-29 14:14:37,@LSMM8,le0nest,text,åƒè‚‰å¤§é‡‘ç‹— ä¸è¦é”™è¿‡,
2024-12-29 14:14:35,@LSMM8,loveu777666,text,fomoèµ·æ¥,
2024-12-29 14:14:31,@LSMM8,loveu777666,text,å¿…é¡»åƒè‚‰,
2024-12-29 14:14:29,@LSMM8,le0nest,text,è¿™ä¹ˆå¤šäººç‰›é€¼äº†,
2024-12-29 14:14:28,@LSMM8,duoduoduo8888,text,å¤§å¹²èµ·æ¥,
2024-12-29 14:14:27,@LSMM8,BTC1357900,text,å†²å†²å†²ä¸‡å€å¤§é‡‘ç‹—,
2024-12-29 14:14:24,@LSMM8,le0nest,text,å°±ä¸€ä¸ªå­—å¹²,
2024-12-29 14:14:23,@LSMM8,duoduoduo8888,text,çªçªçª,
2024-12-29 14:14:18,@LSMM8,le0nest,text,å¹²å°±å®Œäº†,
2024-12-29 14:14:17,@LSMM8,loveu777666,text,ç‰›é€¼,
2024-12-29 14:14:16,@LSMM8,duoduoduo8888,text,çªçªçª,
2024-12-29 14:14:15,@LSMM8,le0nest,text,å…„å¼Ÿä»¬ï¼Œä½ ä»¬è¿˜åœ¨AMAå—ï¼Ÿ,
2024-12-29 14:14:12,@LSMM8,loveu777666,text,666,
2024-12-29 14:14:07,@LSMM8,duoduoduo8888,text,è¥é”€æ‹‰æ»¡äº†,
2024-12-29 14:14:07,@LSMM8,loveu777666,text,ç‰›é€¼äº†,
2024-12-29 14:14:06,@LSMM8,duoduoduo8888,text,æ,
2024-12-29 14:14:05,@LSMM8,le0nest,text,å†²å†²å†²,
2024-12-29 14:14:03,@LSMM8,duoduoduo8888,photo,,lisa\media\Lisa3_format.png
2024-12-29 14:14:02,@LSMM8,BTC1357900,photo,,lisa\media\Lisa4.png
2024-12-29 14:14:00,@LSMM8,le0nest,photo,,lisa\media\Lisa3_format.png
2024-12-29 14:13:59,@LSMM8,loveu777666,photo,,lisa\media\Lisa2_format.png
2024-12-29 14:13:57,@LSMM8,duoduoduo8888,photo,,lisa\media\Lisa1_format.png
2024-12-29 14:13:56,@LSMM8,loveu777666,photo,,lisa\media\Lisa4.png
2024-12-29 14:13:56,@LSMM8,le0nest,photo,,lisa\media\Lisa3_format.png
2024-12-29 14:13:53,@LSMM8,le0nest,photo,,lisa\media\Lisa2_format.png
2024-12-29 14:13:52,@LSMM8,duoduoduo8888,photo,,lisa\media\Lisa1_format.png
2024-12-29 14:13:52,@LSMM8,le0nest,photo,,lisa\media\Lisa4.png
2024-12-29 14:13:51,@LSMM8,BTC1357900,photo,,lisa\media\Lisa3_format.png
2024-12-29 14:13:49,@LSMM8,loveu777666,photo,,lisa\media\Lisa2_format.png
2024-12-29 14:13:48,@LSMM8,le0nest,photo,,lisa\media\Lisa1_format.png
2024-12-29 14:13:47,@LSMM8,loveu777666,text,å¼€äº†ç›´æ¥æ¢­å“ˆ,
2024-12-29 14:13:47,@LSMM8,duoduoduo8888,text,å¹²å°±å®Œäº†,
2024-12-29 14:13:46,@LSMM8,le0nest,text,è¦èµ·é£äº†,
2024-12-29 14:13:45,@LSMM8,loveu777666,text,å·èµ·,
2024-12-29 14:13:43,@LSMM8,duoduoduo8888,text,ä¸‡å€èµ·èˆª,
2024-12-29 14:13:42,@LSMM8,le0nest,text,ç«çˆ†å…¨ç½‘,
2024-12-29 14:13:41,@LSMM8,loveu777666,text,å¤§é‡‘ç‹—,
2024-12-29 14:13:40,@LSMM8,duoduoduo8888,text,å†²æ€å¹²,
2024-12-29 14:13:37,@LSMM8,loveu777666,text,å¯ä»¥çš„,
2024-12-29 14:13:35,@LSMM8,duoduoduo8888,text,é‡‘ç‹—,
2024-12-29 14:13:32,@LSMM8,loveu777666,text,å†²,
2024-12-29 14:13:29,@LSMM8,duoduoduo8888,text,å¤ªå‰å®³äº†,
2024-12-29 14:13:28,@LSMM8,le0nest,text,ç‰›æ¯”,
2024-12-29 14:13:26,@LSMM8,loveu777666,text,æ— è„‘å¹²,
2024-12-29 14:13:22,@LSMM8,duoduoduo8888,text,ä¸‡å€,
2024-12-29 14:13:21,@LSMM8,loveu777666,text,å¤§å¹²æèµ·,
2024-12-29 14:13:19,@LSMM8,duoduoduo8888,text,æé‡‘ç‹—çªçªçª,
2024-12-29 14:13:16,@LSMM8,loveu777666,text,ä¸‡å€èµ·èˆª,
2024-12-29 14:13:12,@LSMM8,duoduoduo8888,text,ç»™åŠ›,
2024-12-29 14:13:11,@LSMM8,loveu777666,text,è¿™é¡¹ç›®ç¨³äº†,
2024-12-29 14:13:09,@LSMM8,BTC1357900,text,çœŸé‡‘,
2024-12-29 14:13:06,@LSMM8,duoduoduo8888,text,é¡¹ç›®çœŸç‰›é€¼,
2024-12-29 14:13:05,@LSMM8,le0nest,text,çªçªçªå†²å†²å†²,
2024-12-29 14:13:04,@LSMM8,loveu777666,text,ä¸€èµ·å…±è¯†èµ·æ¥,
2024-12-29 14:12:59,@LSMM8,loveu777666,text,è¥é”€æ‹‰æ»¡äº†å‰©ä¸‹çš„çœ‹æˆ‘ä»¬,
2024-12-29 14:12:58,@LSMM8,duoduoduo8888,text,ç»å¯¹å¤§é‡‘åƒè‚‰ å“ˆå“ˆå“ˆ,
2024-12-29 14:12:57,@LSMM8,le0nest,text,å“ˆå“ˆ,
2024-12-29 14:12:56,@LSMM8,BTC1357900,text,ä¸è¦é”™è¿‡,
2024-12-29 14:12:54,@LSMM8,duoduoduo8888,text,åƒåˆ°å°±èˆ’æœäº†,
2024-12-29 14:12:52,@LSMM8,le0nest,text,å°±é è¿™ä¸ªé¡¹ç›®ç¿»èº«äº†,
2024-12-29 14:12:51,@LSMM8,loveu777666,text,çƒ­åº¦ç‰›é€¼,
2024-12-29 14:12:50,@LSMM8,BTC1357900,text,æ˜¯å•Š,
2024-12-29 14:12:48,@LSMM8,duoduoduo8888,text,åƒè‚‰å¤§é‡‘ç‹— ä¸è¦é”™è¿‡,
2024-12-29 14:12:48,@LSMM8,le0nest,text,fomoèµ·æ¥,
2024-12-29 14:12:43,@LSMM8,BTC1357900,text,æ˜¯çš„å…„å¼Ÿä»¬,
2024-12-29 14:12:41,@LSMM8,loveu777666,text,å¿…é¡»åƒè‚‰,
2024-12-29 14:12:39,@LSMM8,le0nest,text,è¿™ä¹ˆå¤šäººç‰›é€¼äº†,
2024-12-29 14:12:39,@LSMM8,em90906,text,å¤§å¹²èµ·æ¥,
2024-12-29 14:12:38,@LSMM8,BTC1357900,text,å†²å†²å†²ä¸‡å€å¤§é‡‘ç‹—,
2024-12-29 14:12:37,@LSMM8,loveu777666,text,å°±ä¸€ä¸ªå­—å¹²,
2024-12-29 14:12:37,@LSMM8,le0nest,text,çªçªçª,
2024-12-29 14:12:36,@LSMM8,sheng663,text,å¹²å°±å®Œäº†,
2024-12-29 14:12:33,@LSMM8,le0nest,text,ç‰›é€¼,
2024-12-29 14:12:31,@LSMM8,loveu777666,text,æˆ‘ä»¬å†²èµ·æ¥å»ºè®¾èµ·æ¥,
2024-12-29 14:12:25,@LSMM8,le0nest,photo,,lisa\media\Lisa4.png
2024-12-29 14:12:24,@LSMM8,sheng663,photo,,lisa\media\Lisa3_format.png
2024-12-29 14:12:22,@LSMM8,loveu777666,photo,,lisa\media\Lisa2_format.png
2024-12-29 14:12:22,@LSMM8,le0nest,photo,,lisa\media\Lisa1_format.png
2024-12-29 14:12:18,@LSMM8,loveu777666,photo,,lisa\media\Lisa4.png
2024-12-29 14:12:10,@LSMM8,loveu777666,photo,,lisa\media\Lisa3_format.png
2024-12-29 14:12:03,@LSMM8,BTC1357900,photo,,lisa\media\Lisa2_format.png
2024-12-29 14:12:01,@LSMM8,loveu777666,photo,,lisa\media\Lisa1_format.png
2024-12-29 14:11:56,@LSMM8,loveu777666,photo,,lisa\media\Lisa4.png
2024-12-29 14:11:50,@LSMM8,loveu777666,photo,,lisa\media\Lisa3_format.png
2024-12-29 14:11:45,@LSMM8,loveu777666,photo,,lisa\media\Lisa2_format.png
2024-12-29 14:11:44,@LSMM8,BTC1357900,photo,,lisa\media\Lisa1_format.png
2024-12-29 14:11:39,@LSMM8,loveu777666,text,çªçªçª,
2024-12-29 14:11:38,@LSMM8,BTC1357900,text,666,
2024-12-29 14:11:29,@LSMM8,em90906,text,è¥é”€æ‹‰æ»¡äº†,
2024-12-29 14:11:26,@LSMM8,loveu777666,text,ç‰›é€¼äº†,
2024-12-29 14:11:25,@LSMM8,BTC1357900,text,æ,
2024-12-29 14:11:22,@LSMM8,loveu777666,text,å†²å†²å†²,
2024-12-29 14:11:16,@LSMM8,em90906,text,å¹²å°±å®Œäº†,
2024-12-29 14:11:16,@LSMM8,loveu777666,text,å¼€äº†ç›´æ¥æ¢­å“ˆ,
2024-12-29 14:11:11,@LSMM8,em90906,text,å†²,
2024-12-29 14:11:05,@LSMM8,em90906,text,å¤§æå¤§å¹²,
2024-12-29 14:11:03,@LSMM8,loveu777666,text,å¤ªç‰›é€¼äº†,
2024-12-29 14:11:00,@LSMM8,loveu777666,text,æ„Ÿè§‰æŒºä¸é”™çš„,
2024-12-29 14:10:56,@LSMM8,em90906,text,çƒ­åº¦çœŸå¤§,
2024-12-29 14:10:49,@LSMM8,loveu777666,text,å¥½å¥½æŠŠæ¡ä½å§åˆ«è¸ç©ºäº†,
2024-12-29 14:10:42,@LSMM8,loveu777666,text,å¯ä»¥,
2024-12-29 14:10:31,@LSMM8,loveu777666,text,æ„Ÿè§‰ç‰›é€¼çš„åŠ æ²¹äº†,
2024-12-29 14:10:25,@LSMM8,loveu777666,text,ä¸‡å€é‡‘ç‹—,
2024-12-29 14:10:18,@LSMM8,loveu777666,text,ç‰›é€¼äº†è¿™ä¸ªé¡¹ç›®çœŸç«çˆ†å•Š,
2024-12-29 14:10:16,@LSMM8,zcbf131419,photo,,è¯æœ¯\media_files\LSMM8\20241229_235345_zcbf131419.jpg
2024-12-29 14:10:11,@LSMM8,em90906,text,æ é‡‘ç‹—æ— ç–‘,
2024-12-29 14:10:10,@LSMM8,loveu777666,text,ä¸€é£å†²å¤©,
2024-12-29 14:10:06,@LSMM8,loveu777666,text,ç¨³äº†,
2024-12-29 14:10:04,@LSMM8,em90906,text,å…„å¼Ÿä»¬éƒ½èµšé’±,
2024-12-29 14:10:02,@LSMM8,loveu777666,text,åŠ æ²¹,
2024-12-29 14:10:02,@LSMM8,em90906,text,è·Ÿä¸Šè·Ÿä¸Š,
2024-12-29 14:09:58,@LSMM8,em90906,text,å‡ºåœˆ,
2024-12-29 14:09:56,@LSMM8,loveu777666,text,é‡‘ç‹—é¡¹ç›®,
2024-12-29 14:09:52,@LSMM8,em90906,text,è¦èµ·é£äº†,
2024-12-29 14:09:48,@LSMM8,em90906,text,å·èµ·,
2024-12-29 14:09:43,@LSMM8,em90906,text,ä¸‡å€èµ·èˆª,
2024-12-29 14:09:36,@LSMM8,loveu777666,text,ç«çˆ†å…¨ç½‘,
2024-12-29 14:09:27,@LSMM8,loveu777666,text,å¤§é‡‘ç‹—,
2024-12-29 14:09:22,@LSMM8,loveu777666,text,å¥½å¥½åŠ æ²¹èµšé’±æ¨¡å¼å¾ˆå¥½,
2024-12-29 14:09:17,@LSMM8,loveu777666,text,å†²æ€å¹²,
2024-12-29 14:09:05,@LSMM8,loveu777666,text,æèµ·æ¥å’¯,
2024-12-29 14:08:58,@LSMM8,Call4235,emoji,å¯ä»¥çš„ğŸ‘,
2024-12-29 14:08:55,@LSMM8,loveu777666,text,é‡‘ç‹—,
2024-12-29 14:08:49,@LSMM8,loveu777666,text,å†²,
2024-12-29 14:08:37,@LSMM8,loveu777666,text,å¤ªå‰å®³äº†,
2024-12-29 14:08:34,@LSMM8,loveu777666,text,ç‰›æ¯”,
2024-12-29 14:08:30,@LSMM8,loveu777666,text,æ— è„‘å¹²,
2024-12-29 14:08:25,@LSMM8,loveu777666,text,ä¸‡å€,
2024-12-29 14:08:22,@LSMM8,,text,å¤§é‡‘æèµ·,
2024-12-29 14:08:19,@LSMM8,loveu777666,text,LISAé‡‘ç‹—çªçªçª,
2024-12-29 14:08:18,@LSMM8,duoduoduo8888,text,æˆ‘ä»¬ä¸€èµ·æ¥å’¯,
2024-12-29 14:08:15,@LSMM8,loveu777666,text,èµšé’±å»äº†å‘—å“ˆå“ˆå“ˆ,
2024-12-29 14:08:10,@LSMM8,duoduoduo8888,text,ä¸‡å€èµ·èˆª,
2024-12-29 14:08:08,@LSMM8,loveu777666,text,ç»™åŠ›,
2024-12-29 14:08:04,@LSMM8,duoduoduo8888,text,è¿™é¡¹ç›®ç¨³äº†,
2024-12-29 14:08:04,@LSMM8,loveu777666,text,çœŸé‡‘,
2024-12-29 14:08:02,@LSMM8,H688888,sticker,,è¯æœ¯\media_files\LSMM8\20241229_235346_H688888.tgs
2024-12-29 14:07:59,@LSMM8,duoduoduo8888,text,ä»Šå¤©è¿‡æ¥äº†çœ‹åˆ°çš„,
2024-12-29 14:07:54,@LSMM8,duoduoduo8888,text,LISAçœŸç‰›é€¼,
2024-12-29 14:07:53,@LSMM8,loveu777666,text,ä»–åº”è¯¥èµšé’±è‡ªç”±äº†,
2024-12-29 14:07:50,@LSMM8,duoduoduo8888,text,çªçªçªå†²å†²å†²,
2024-12-29 14:07:48,@LSMM8,loveu777666,text,è¥é”€æ‹‰æ»¡äº†å‰©ä¸‹çš„çœ‹æˆ‘ä»¬,
2024-12-29 14:07:42,@LSMM8,loveu777666,text,çœŸçš„æ˜¯åšå¤§åšå¼ºå•Š,
2024-12-29 14:07:40,@LSMM8,duoduoduo8888,text,ç»å¯¹å¤§é‡‘åƒè‚‰,
2024-12-29 14:07:36,@LSMM8,loveu777666,text,ä¸è¦é”™è¿‡,
2024-12-29 14:07:34,@LSMM8,duoduoduo8888,text,å—·å—·é‡‘,
